<?xml version='1.0' encoding='utf-8' ?>
<!DOCTYPE document SYSTEM "file:///D:/Xilinx/14.7/ISE_DS/ISE/xc9500xl/data/xmlReport9kxl.dtd">
<document><ascFile>T_FF.rpt</ascFile><devFile>D:/Xilinx/14.7/ISE_DS/ISE/xc9500xl/data/xc95288xl.chp</devFile><mfdFile>T_FF.mfd</mfdFile><htmlFile logic_legend="logiclegend.htm" logo="xc9500xl_logo.jpg" pin_legend="pinlegend.htm"/><header date=" 6- 3-2017" design="T_FF" device="XC95288XL" eqnType="1" pkg="TQ144" speed="-6" status="1" statusStr="Successful" swVersion="P.20131013" time=" 11:26AM" version="1.0"/><inputs id="SR"/><inputs id="T"/><global_inputs id="Clk" pinnum="GCK1" use="GCK1" userloc="30"/><pin id="FB1_MC5_PIN20" pinnum="20"/><pin id="FB1_MC6_PIN21" pinnum="21"/><pin id="FB1_MC8_PIN22" pinnum="22"/><pin id="FB1_MC10_PIN23" pinnum="23"/><pin id="FB1_MC12_PIN24" pinnum="24"/><pin id="FB1_MC14_PIN25" pinnum="25"/><pin id="FB1_MC15_PIN26" pinnum="26"/><pin id="FB1_MC17_PIN27" pinnum="27"/><pin id="FB2_MC2_PIN9" pinnum="9" signal="Q" use="O"/><pin id="FB2_MC3_PIN10" pinnum="10" signal="SR" use="I"/><pin id="FB2_MC5_PIN11" pinnum="11"/><pin id="FB2_MC6_PIN12" pinnum="12"/><pin id="FB2_MC8_PIN13" pinnum="13"/><pin id="FB2_MC10_PIN14" pinnum="14"/><pin id="FB2_MC12_PIN15" pinnum="15"/><pin id="FB2_MC14_PIN16" pinnum="16"/><pin id="FB2_MC15_PIN17" pinnum="17"/><pin id="FB2_MC17_PIN19" pinnum="19"/><pin id="FB3_MC2_PIN28" pinnum="28"/><pin id="FB3_MC10_PIN30" pinnum="30" signal="Clk" use="GCK"/><pin id="FB3_MC12_PIN31" pinnum="31"/><pin id="FB3_MC14_PIN32" pinnum="32"/><pin id="FB3_MC15_PIN33" pinnum="33"/><pin id="FB4_MC2_PIN2" pinnum="2"/><pin id="FB4_MC5_PIN3" pinnum="3"/><pin id="FB4_MC6_PIN4" pinnum="4"/><pin id="FB4_MC8_PIN5" pinnum="5"/><pin id="FB4_MC12_PIN6" pinnum="6"/><pin id="FB4_MC14_PIN7" pinnum="7"/><pin id="FB5_MC2_PIN34" pinnum="34"/><pin id="FB5_MC5_PIN35" pinnum="35"/><pin id="FB5_MC8_PIN38" pinnum="38"/><pin id="FB5_MC10_PIN39" pinnum="39"/><pin id="FB5_MC12_PIN40" pinnum="40"/><pin id="FB5_MC14_PIN41" pinnum="41"/><pin id="FB5_MC15_PIN43" pinnum="43"/><pin id="FB5_MC17_PIN44" pinnum="44"/><pin id="FB6_MC2_PIN135" pinnum="135"/><pin id="FB6_MC3_PIN136" pinnum="136"/><pin id="FB6_MC5_PIN137" pinnum="137"/><pin id="FB6_MC6_PIN138" pinnum="138"/><pin id="FB6_MC8_PIN139" pinnum="139"/><pin id="FB6_MC10_PIN140" pinnum="140"/><pin id="FB6_MC14_PIN142" pinnum="142"/><pin id="FB6_MC15_PIN143" pinnum="143"/><pin id="FB7_MC3_PIN45" pinnum="45"/><pin id="FB7_MC5_PIN46" pinnum="46"/><pin id="FB7_MC12_PIN48" pinnum="48"/><pin id="FB7_MC15_PIN49" pinnum="49"/><pin id="FB8_MC2_PIN130" pinnum="130"/><pin id="FB8_MC3_PIN131" pinnum="131"/><pin id="FB8_MC5_PIN132" pinnum="132"/><pin id="FB8_MC8_PIN133" pinnum="133"/><pin id="FB8_MC10_PIN134" pinnum="134"/><pin id="FB9_MC2_PIN50" pinnum="50"/><pin id="FB9_MC3_PIN51" pinnum="51"/><pin id="FB9_MC5_PIN52" pinnum="52"/><pin id="FB9_MC6_PIN53" pinnum="53"/><pin id="FB9_MC8_PIN54" pinnum="54"/><pin id="FB9_MC11_PIN56" pinnum="56"/><pin id="FB9_MC12_PIN57" pinnum="57"/><pin id="FB9_MC14_PIN58" pinnum="58"/><pin id="FB9_MC17_PIN59" pinnum="59"/><pin id="FB10_MC2_PIN117" pinnum="117"/><pin id="FB10_MC3_PIN118" pinnum="118"/><pin id="FB10_MC5_PIN119" pinnum="119"/><pin id="FB10_MC6_PIN120" pinnum="120"/><pin id="FB10_MC8_PIN121" pinnum="121"/><pin id="FB10_MC10_PIN124" pinnum="124" signal="T" use="I"/><pin id="FB10_MC11_PIN125" pinnum="125"/><pin id="FB10_MC12_PIN126" pinnum="126"/><pin id="FB10_MC14_PIN128" pinnum="128"/><pin id="FB10_MC17_PIN129" pinnum="129"/><pin id="FB11_MC3_PIN60" pinnum="60"/><pin id="FB11_MC5_PIN61" pinnum="61"/><pin id="FB11_MC10_PIN64" pinnum="64"/><pin id="FB11_MC11_PIN66" pinnum="66"/><pin id="FB11_MC12_PIN68" pinnum="68"/><pin id="FB11_MC14_PIN69" pinnum="69"/><pin id="FB11_MC17_PIN70" pinnum="70"/><pin id="FB12_MC2_PIN110" pinnum="110"/><pin id="FB12_MC3_PIN111" pinnum="111"/><pin id="FB12_MC5_PIN112" pinnum="112"/><pin id="FB12_MC8_PIN113" pinnum="113"/><pin id="FB12_MC10_PIN115" pinnum="115"/><pin id="FB12_MC12_PIN116" pinnum="116"/><pin id="FB13_MC2_PIN71" pinnum="71"/><pin id="FB13_MC8_PIN74" pinnum="74"/><pin id="FB13_MC11_PIN75" pinnum="75"/><pin id="FB13_MC14_PIN76" pinnum="76"/><pin id="FB13_MC15_PIN77" pinnum="77"/><pin id="FB13_MC17_PIN78" pinnum="78"/><pin id="FB14_MC3_PIN100" pinnum="100"/><pin id="FB14_MC5_PIN101" pinnum="101"/><pin id="FB14_MC6_PIN102" pinnum="102"/><pin id="FB14_MC8_PIN103" pinnum="103"/><pin id="FB14_MC10_PIN104" pinnum="104"/><pin id="FB14_MC11_PIN105" pinnum="105"/><pin id="FB14_MC14_PIN106" pinnum="106"/><pin id="FB14_MC15_PIN107" pinnum="107"/><pin id="FB15_MC2_PIN79" pinnum="79"/><pin id="FB15_MC3_PIN80" pinnum="80"/><pin id="FB15_MC8_PIN81" pinnum="81"/><pin id="FB15_MC10_PIN82" pinnum="82"/><pin id="FB15_MC11_PIN83" pinnum="83"/><pin id="FB15_MC12_PIN85" pinnum="85"/><pin id="FB15_MC14_PIN86" pinnum="86"/><pin id="FB15_MC15_PIN87" pinnum="87"/><pin id="FB15_MC17_PIN88" pinnum="88"/><pin id="FB16_MC2_PIN91" pinnum="91"/><pin id="FB16_MC3_PIN92" pinnum="92"/><pin id="FB16_MC5_PIN93" pinnum="93"/><pin id="FB16_MC6_PIN94" pinnum="94"/><pin id="FB16_MC8_PIN95" pinnum="95"/><pin id="FB16_MC10_PIN96" pinnum="96"/><pin id="FB16_MC11_PIN97" pinnum="97"/><pin id="FB16_MC12_PIN98" pinnum="98"/><fblock id="FB1" inputUse="0" pinUse="0"><macrocell id="FB1_MC1"/><macrocell id="FB1_MC2"/><macrocell id="FB1_MC3"/><macrocell id="FB1_MC4"/><macrocell id="FB1_MC5" pin="FB1_MC5_PIN20"/><macrocell id="FB1_MC6" pin="FB1_MC6_PIN21"/><macrocell id="FB1_MC7"/><macrocell id="FB1_MC8" pin="FB1_MC8_PIN22"/><macrocell id="FB1_MC9"/><macrocell id="FB1_MC10" pin="FB1_MC10_PIN23"/><macrocell id="FB1_MC11"/><macrocell id="FB1_MC12" pin="FB1_MC12_PIN24"/><macrocell id="FB1_MC13"/><macrocell id="FB1_MC14" pin="FB1_MC14_PIN25"/><macrocell id="FB1_MC15" pin="FB1_MC15_PIN26"/><macrocell id="FB1_MC16"/><macrocell id="FB1_MC17" pin="FB1_MC17_PIN27"/><macrocell id="FB1_MC18"/></fblock><fblock id="FB2" inputUse="3" pinUse="2"><macrocell id="FB2_MC1"/><macrocell id="FB2_MC2" pin="FB2_MC2_PIN9" sigUse="3" signal="Q"><pterms pt1="FB2_2_1" pt2="FB2_2_2"/></macrocell><macrocell id="FB2_MC3" pin="FB2_MC3_PIN10"/><macrocell id="FB2_MC4"/><macrocell id="FB2_MC5" pin="FB2_MC5_PIN11"/><macrocell id="FB2_MC6" pin="FB2_MC6_PIN12"/><macrocell id="FB2_MC7"/><macrocell id="FB2_MC8" pin="FB2_MC8_PIN13"/><macrocell id="FB2_MC9"/><macrocell id="FB2_MC10" pin="FB2_MC10_PIN14"/><macrocell id="FB2_MC11"/><macrocell id="FB2_MC12" pin="FB2_MC12_PIN15"/><macrocell id="FB2_MC13"/><macrocell id="FB2_MC14" pin="FB2_MC14_PIN16"/><macrocell id="FB2_MC15" pin="FB2_MC15_PIN17"/><macrocell id="FB2_MC16"/><macrocell id="FB2_MC17" pin="FB2_MC17_PIN19"/><macrocell id="FB2_MC18"/><fbinput id="FB2_I1" signal="Q"/><fbinput id="FB2_I2" signal="SR"/><fbinput id="FB2_I3" signal="T"/><pterm id="FB2_2_1"><signal id="Q"/><signal id="SR" negated="ON"/><signal id="T"/></pterm><pterm id="FB2_2_2"><signal id="Q" negated="ON"/><signal id="SR" negated="ON"/><signal id="T" negated="ON"/></pterm><equation id="Q" regUse="D"><d2><eq_pterm ptindx="FB2_2_1"/><eq_pterm ptindx="FB2_2_2"/></d2><clk><fastsig signal="Clk"/></clk><prld ptindx="GND"/></equation></fblock><fblock id="FB3" inputUse="0" pinUse="0"><macrocell id="FB3_MC1"/><macrocell id="FB3_MC2" pin="FB3_MC2_PIN28"/><macrocell id="FB3_MC3"/><macrocell id="FB3_MC4"/><macrocell id="FB3_MC5"/><macrocell id="FB3_MC6"/><macrocell id="FB3_MC7"/><macrocell id="FB3_MC8"/><macrocell id="FB3_MC9"/><macrocell id="FB3_MC10" pin="FB3_MC10_PIN30"/><macrocell id="FB3_MC11"/><macrocell id="FB3_MC12" pin="FB3_MC12_PIN31"/><macrocell id="FB3_MC13"/><macrocell id="FB3_MC14" pin="FB3_MC14_PIN32"/><macrocell id="FB3_MC15" pin="FB3_MC15_PIN33"/><macrocell id="FB3_MC16"/><macrocell id="FB3_MC17"/><macrocell id="FB3_MC18"/></fblock><fblock id="FB4" inputUse="0" pinUse="0"><macrocell id="FB4_MC1"/><macrocell id="FB4_MC2" pin="FB4_MC2_PIN2"/><macrocell id="FB4_MC3"/><macrocell id="FB4_MC4"/><macrocell id="FB4_MC5" pin="FB4_MC5_PIN3"/><macrocell id="FB4_MC6" pin="FB4_MC6_PIN4"/><macrocell id="FB4_MC7"/><macrocell id="FB4_MC8" pin="FB4_MC8_PIN5"/><macrocell id="FB4_MC9"/><macrocell id="FB4_MC10"/><macrocell id="FB4_MC11"/><macrocell id="FB4_MC12" pin="FB4_MC12_PIN6"/><macrocell id="FB4_MC13"/><macrocell id="FB4_MC14" pin="FB4_MC14_PIN7"/><macrocell id="FB4_MC15"/><macrocell id="FB4_MC16"/><macrocell id="FB4_MC17"/><macrocell id="FB4_MC18"/></fblock><fblock id="FB5" inputUse="0" pinUse="0"><macrocell id="FB5_MC1"/><macrocell id="FB5_MC2" pin="FB5_MC2_PIN34"/><macrocell id="FB5_MC3"/><macrocell id="FB5_MC4"/><macrocell id="FB5_MC5" pin="FB5_MC5_PIN35"/><macrocell id="FB5_MC6"/><macrocell id="FB5_MC7"/><macrocell id="FB5_MC8" pin="FB5_MC8_PIN38"/><macrocell id="FB5_MC9"/><macrocell id="FB5_MC10" pin="FB5_MC10_PIN39"/><macrocell id="FB5_MC11"/><macrocell id="FB5_MC12" pin="FB5_MC12_PIN40"/><macrocell id="FB5_MC13"/><macrocell id="FB5_MC14" pin="FB5_MC14_PIN41"/><macrocell id="FB5_MC15" pin="FB5_MC15_PIN43"/><macrocell id="FB5_MC16"/><macrocell id="FB5_MC17" pin="FB5_MC17_PIN44"/><macrocell id="FB5_MC18"/></fblock><fblock id="FB6" inputUse="0" pinUse="0"><macrocell id="FB6_MC1"/><macrocell id="FB6_MC2" pin="FB6_MC2_PIN135"/><macrocell id="FB6_MC3" pin="FB6_MC3_PIN136"/><macrocell id="FB6_MC4"/><macrocell id="FB6_MC5" pin="FB6_MC5_PIN137"/><macrocell id="FB6_MC6" pin="FB6_MC6_PIN138"/><macrocell id="FB6_MC7"/><macrocell id="FB6_MC8" pin="FB6_MC8_PIN139"/><macrocell id="FB6_MC9"/><macrocell id="FB6_MC10" pin="FB6_MC10_PIN140"/><macrocell id="FB6_MC11"/><macrocell id="FB6_MC12"/><macrocell id="FB6_MC13"/><macrocell id="FB6_MC14" pin="FB6_MC14_PIN142"/><macrocell id="FB6_MC15" pin="FB6_MC15_PIN143"/><macrocell id="FB6_MC16"/><macrocell id="FB6_MC17"/><macrocell id="FB6_MC18"/></fblock><fblock id="FB7" inputUse="0" pinUse="0"><macrocell id="FB7_MC1"/><macrocell id="FB7_MC2"/><macrocell id="FB7_MC3" pin="FB7_MC3_PIN45"/><macrocell id="FB7_MC4"/><macrocell id="FB7_MC5" pin="FB7_MC5_PIN46"/><macrocell id="FB7_MC6"/><macrocell id="FB7_MC7"/><macrocell id="FB7_MC8"/><macrocell id="FB7_MC9"/><macrocell id="FB7_MC10"/><macrocell id="FB7_MC11"/><macrocell id="FB7_MC12" pin="FB7_MC12_PIN48"/><macrocell id="FB7_MC13"/><macrocell id="FB7_MC14"/><macrocell id="FB7_MC15" pin="FB7_MC15_PIN49"/><macrocell id="FB7_MC16"/><macrocell id="FB7_MC17"/><macrocell id="FB7_MC18"/></fblock><fblock id="FB8" inputUse="0" pinUse="0"><macrocell id="FB8_MC1"/><macrocell id="FB8_MC2" pin="FB8_MC2_PIN130"/><macrocell id="FB8_MC3" pin="FB8_MC3_PIN131"/><macrocell id="FB8_MC4"/><macrocell id="FB8_MC5" pin="FB8_MC5_PIN132"/><macrocell id="FB8_MC6"/><macrocell id="FB8_MC7"/><macrocell id="FB8_MC8" pin="FB8_MC8_PIN133"/><macrocell id="FB8_MC9"/><macrocell id="FB8_MC10" pin="FB8_MC10_PIN134"/><macrocell id="FB8_MC11"/><macrocell id="FB8_MC12"/><macrocell id="FB8_MC13"/><macrocell id="FB8_MC14"/><macrocell id="FB8_MC15"/><macrocell id="FB8_MC16"/><macrocell id="FB8_MC17"/><macrocell id="FB8_MC18"/></fblock><fblock id="FB9" inputUse="0" pinUse="0"><macrocell id="FB9_MC1"/><macrocell id="FB9_MC2" pin="FB9_MC2_PIN50"/><macrocell id="FB9_MC3" pin="FB9_MC3_PIN51"/><macrocell id="FB9_MC4"/><macrocell id="FB9_MC5" pin="FB9_MC5_PIN52"/><macrocell id="FB9_MC6" pin="FB9_MC6_PIN53"/><macrocell id="FB9_MC7"/><macrocell id="FB9_MC8" pin="FB9_MC8_PIN54"/><macrocell id="FB9_MC9"/><macrocell id="FB9_MC10"/><macrocell id="FB9_MC11" pin="FB9_MC11_PIN56"/><macrocell id="FB9_MC12" pin="FB9_MC12_PIN57"/><macrocell id="FB9_MC13"/><macrocell id="FB9_MC14" pin="FB9_MC14_PIN58"/><macrocell id="FB9_MC15"/><macrocell id="FB9_MC16"/><macrocell id="FB9_MC17" pin="FB9_MC17_PIN59"/><macrocell id="FB9_MC18"/></fblock><fblock id="FB10" inputUse="0" pinUse="1"><macrocell id="FB10_MC1"/><macrocell id="FB10_MC2" pin="FB10_MC2_PIN117"/><macrocell id="FB10_MC3" pin="FB10_MC3_PIN118"/><macrocell id="FB10_MC4"/><macrocell id="FB10_MC5" pin="FB10_MC5_PIN119"/><macrocell id="FB10_MC6" pin="FB10_MC6_PIN120"/><macrocell id="FB10_MC7"/><macrocell id="FB10_MC8" pin="FB10_MC8_PIN121"/><macrocell id="FB10_MC9"/><macrocell id="FB10_MC10" pin="FB10_MC10_PIN124"/><macrocell id="FB10_MC11" pin="FB10_MC11_PIN125"/><macrocell id="FB10_MC12" pin="FB10_MC12_PIN126"/><macrocell id="FB10_MC13"/><macrocell id="FB10_MC14" pin="FB10_MC14_PIN128"/><macrocell id="FB10_MC15"/><macrocell id="FB10_MC16"/><macrocell id="FB10_MC17" pin="FB10_MC17_PIN129"/><macrocell id="FB10_MC18"/></fblock><fblock id="FB11" inputUse="0" pinUse="0"><macrocell id="FB11_MC1"/><macrocell id="FB11_MC2"/><macrocell id="FB11_MC3" pin="FB11_MC3_PIN60"/><macrocell id="FB11_MC4"/><macrocell id="FB11_MC5" pin="FB11_MC5_PIN61"/><macrocell id="FB11_MC6"/><macrocell id="FB11_MC7"/><macrocell id="FB11_MC8"/><macrocell id="FB11_MC9"/><macrocell id="FB11_MC10" pin="FB11_MC10_PIN64"/><macrocell id="FB11_MC11" pin="FB11_MC11_PIN66"/><macrocell id="FB11_MC12" pin="FB11_MC12_PIN68"/><macrocell id="FB11_MC13"/><macrocell id="FB11_MC14" pin="FB11_MC14_PIN69"/><macrocell id="FB11_MC15"/><macrocell id="FB11_MC16"/><macrocell id="FB11_MC17" pin="FB11_MC17_PIN70"/><macrocell id="FB11_MC18"/></fblock><fblock id="FB12" inputUse="0" pinUse="0"><macrocell id="FB12_MC1"/><macrocell id="FB12_MC2" pin="FB12_MC2_PIN110"/><macrocell id="FB12_MC3" pin="FB12_MC3_PIN111"/><macrocell id="FB12_MC4"/><macrocell id="FB12_MC5" pin="FB12_MC5_PIN112"/><macrocell id="FB12_MC6"/><macrocell id="FB12_MC7"/><macrocell id="FB12_MC8" pin="FB12_MC8_PIN113"/><macrocell id="FB12_MC9"/><macrocell id="FB12_MC10" pin="FB12_MC10_PIN115"/><macrocell id="FB12_MC11"/><macrocell id="FB12_MC12" pin="FB12_MC12_PIN116"/><macrocell id="FB12_MC13"/><macrocell id="FB12_MC14"/><macrocell id="FB12_MC15"/><macrocell id="FB12_MC16"/><macrocell id="FB12_MC17"/><macrocell id="FB12_MC18"/></fblock><fblock id="FB13" inputUse="0" pinUse="0"><macrocell id="FB13_MC1"/><macrocell id="FB13_MC2" pin="FB13_MC2_PIN71"/><macrocell id="FB13_MC3"/><macrocell id="FB13_MC4"/><macrocell id="FB13_MC5"/><macrocell id="FB13_MC6"/><macrocell id="FB13_MC7"/><macrocell id="FB13_MC8" pin="FB13_MC8_PIN74"/><macrocell id="FB13_MC9"/><macrocell id="FB13_MC10"/><macrocell id="FB13_MC11" pin="FB13_MC11_PIN75"/><macrocell id="FB13_MC12"/><macrocell id="FB13_MC13"/><macrocell id="FB13_MC14" pin="FB13_MC14_PIN76"/><macrocell id="FB13_MC15" pin="FB13_MC15_PIN77"/><macrocell id="FB13_MC16"/><macrocell id="FB13_MC17" pin="FB13_MC17_PIN78"/><macrocell id="FB13_MC18"/></fblock><fblock id="FB14" inputUse="0" pinUse="0"><macrocell id="FB14_MC1"/><macrocell id="FB14_MC2"/><macrocell id="FB14_MC3" pin="FB14_MC3_PIN100"/><macrocell id="FB14_MC4"/><macrocell id="FB14_MC5" pin="FB14_MC5_PIN101"/><macrocell id="FB14_MC6" pin="FB14_MC6_PIN102"/><macrocell id="FB14_MC7"/><macrocell id="FB14_MC8" pin="FB14_MC8_PIN103"/><macrocell id="FB14_MC9"/><macrocell id="FB14_MC10" pin="FB14_MC10_PIN104"/><macrocell id="FB14_MC11" pin="FB14_MC11_PIN105"/><macrocell id="FB14_MC12"/><macrocell id="FB14_MC13"/><macrocell id="FB14_MC14" pin="FB14_MC14_PIN106"/><macrocell id="FB14_MC15" pin="FB14_MC15_PIN107"/><macrocell id="FB14_MC16"/><macrocell id="FB14_MC17"/><macrocell id="FB14_MC18"/></fblock><fblock id="FB15" inputUse="0" pinUse="0"><macrocell id="FB15_MC1"/><macrocell id="FB15_MC2" pin="FB15_MC2_PIN79"/><macrocell id="FB15_MC3" pin="FB15_MC3_PIN80"/><macrocell id="FB15_MC4"/><macrocell id="FB15_MC5"/><macrocell id="FB15_MC6"/><macrocell id="FB15_MC7"/><macrocell id="FB15_MC8" pin="FB15_MC8_PIN81"/><macrocell id="FB15_MC9"/><macrocell id="FB15_MC10" pin="FB15_MC10_PIN82"/><macrocell id="FB15_MC11" pin="FB15_MC11_PIN83"/><macrocell id="FB15_MC12" pin="FB15_MC12_PIN85"/><macrocell id="FB15_MC13"/><macrocell id="FB15_MC14" pin="FB15_MC14_PIN86"/><macrocell id="FB15_MC15" pin="FB15_MC15_PIN87"/><macrocell id="FB15_MC16"/><macrocell id="FB15_MC17" pin="FB15_MC17_PIN88"/><macrocell id="FB15_MC18"/></fblock><fblock id="FB16" inputUse="0" pinUse="0"><macrocell id="FB16_MC1"/><macrocell id="FB16_MC2" pin="FB16_MC2_PIN91"/><macrocell id="FB16_MC3" pin="FB16_MC3_PIN92"/><macrocell id="FB16_MC4"/><macrocell id="FB16_MC5" pin="FB16_MC5_PIN93"/><macrocell id="FB16_MC6" pin="FB16_MC6_PIN94"/><macrocell id="FB16_MC7"/><macrocell id="FB16_MC8" pin="FB16_MC8_PIN95"/><macrocell id="FB16_MC9"/><macrocell id="FB16_MC10" pin="FB16_MC10_PIN96"/><macrocell id="FB16_MC11" pin="FB16_MC11_PIN97"/><macrocell id="FB16_MC12" pin="FB16_MC12_PIN98"/><macrocell id="FB16_MC13"/><macrocell id="FB16_MC14"/><macrocell id="FB16_MC15"/><macrocell id="FB16_MC16"/><macrocell id="FB16_MC17"/><macrocell id="FB16_MC18"/></fblock><vcc/><gnd/><messages><warning>Cpld - Unable to retrieve the path to the iSE Project Repository. Will   use the default filename of 'T_FF.ise'.</warning></messages><compOpts exhaust="OFF" gclkopt="ON" gsropt="ON" gtsopt="ON" ignorets="OFF" inputs="54" keepio="OFF" loc="ON" mlopt="ON" optimize="SPEED" part="xc95288xl-6-TQ144" power="STD" prld="LOW" pterms="25" slew="FAST" terminate="KEEPER" unused="OFF" wysiwyg="OFF"/></document>
